[{"order_id":1,"customer_id":1,"product_id":1,"quantity":27,"unit_price":386.3,"order_date":"11/29/2021","state":"Texas","total_price":2080.1,"premium_customer":false,"city":"Houston"},
{"order_id":2,"customer_id":2,"product_id":2,"quantity":84,"unit_price":448.46,"order_date":"5/25/2021","state":"Pennsylvania","total_price":7370.67,"premium_customer":true,"city":"Pittsburgh"},
{"order_id":3,"customer_id":3,"product_id":3,"quantity":94,"unit_price":279.97,"order_date":"8/17/2021","state":"Colorado","total_price":5674.36,"premium_customer":true,"city":"Aurora"},
{"order_id":4,"customer_id":4,"product_id":4,"quantity":8,"unit_price":32.4,"order_date":"12/23/2021","state":"Alabama","total_price":6017.84,"premium_customer":false,"city":"Gadsden"},
{"order_id":5,"customer_id":5,"product_id":5,"quantity":14,"unit_price":376.82,"order_date":"8/12/2021","state":"Montana","total_price":4402.13,"premium_customer":false,"city":"Billings"},
{"order_id":6,"customer_id":6,"product_id":6,"quantity":98,"unit_price":59.97,"order_date":"12/5/2021","state":"California","total_price":6401.71,"premium_customer":true,"city":"Long Beach"},
{"order_id":7,"customer_id":7,"product_id":7,"quantity":21,"unit_price":219.29,"order_date":"11/18/2021","state":"Michigan","total_price":4490.74,"premium_customer":false,"city":"Dearborn"},
{"order_id":8,"customer_id":8,"product_id":8,"quantity":30,"unit_price":655.58,"order_date":"5/23/2021","state":"Arizona","total_price":2887.31,"premium_customer":true,"city":"Mesa"},
{"order_id":9,"customer_id":9,"product_id":9,"quantity":28,"unit_price":6.76,"order_date":"7/23/2021","state":"Ohio","total_price":123.89,"premium_customer":true,"city":"Cincinnati"},
{"order_id":10,"customer_id":10,"product_id":10,"quantity":46,"unit_price":520.73,"order_date":"3/18/2021","state":"Texas","total_price":169.44,"premium_customer":false,"city":"San Antonio"},
{"order_id":11,"customer_id":11,"product_id":11,"quantity":29,"unit_price":461.21,"order_date":"9/14/2021","state":"Nebraska","total_price":8079.26,"premium_customer":false,"city":"Omaha"},
{"order_id":12,"customer_id":12,"product_id":12,"quantity":27,"unit_price":681.21,"order_date":"1/22/2021","state":"South Carolina","total_price":2710.03,"premium_customer":true,"city":"Columbia"},
{"order_id":13,"customer_id":13,"product_id":13,"quantity":61,"unit_price":279.51,"order_date":"12/13/2021","state":"Minnesota","total_price":5820.99,"premium_customer":false,"city":"Minneapolis"},
{"order_id":14,"customer_id":14,"product_id":14,"quantity":89,"unit_price":424.63,"order_date":"9/1/2021","state":"Illinois","total_price":9852.49,"premium_customer":false,"city":"Springfield"},
{"order_id":15,"customer_id":15,"product_id":15,"quantity":16,"unit_price":525.5,"order_date":"9/2/2021","state":"Virginia","total_price":8860.68,"premium_customer":false,"city":"Alexandria"},
{"order_id":16,"customer_id":16,"product_id":16,"quantity":78,"unit_price":767.87,"order_date":"9/11/2021","state":"California","total_price":7317.26,"premium_customer":true,"city":"Van Nuys"},
{"order_id":17,"customer_id":17,"product_id":17,"quantity":13,"unit_price":462.26,"order_date":"7/14/2021","state":"District of Columbia","total_price":6718.13,"premium_customer":true,"city":"Washington"},
{"order_id":18,"customer_id":18,"product_id":18,"quantity":22,"unit_price":439.59,"order_date":"12/28/2021","state":"Texas","total_price":4782.59,"premium_customer":false,"city":"Dallas"},
{"order_id":19,"customer_id":19,"product_id":19,"quantity":73,"unit_price":536.66,"order_date":"9/16/2021","state":"Alabama","total_price":6650.63,"premium_customer":false,"city":"Birmingham"},
{"order_id":20,"customer_id":20,"product_id":20,"quantity":31,"unit_price":192.52,"order_date":"7/17/2021","state":"Florida","total_price":3502.86,"premium_customer":false,"city":"Port Charlotte"},
{"order_id":21,"customer_id":21,"product_id":21,"quantity":33,"unit_price":657.27,"order_date":"2/8/2021","state":"Connecticut","total_price":2734.25,"premium_customer":true,"city":"Hartford"},
{"order_id":22,"customer_id":22,"product_id":22,"quantity":32,"unit_price":897.25,"order_date":"6/28/2021","state":"Missouri","total_price":9896.12,"premium_customer":false,"city":"Columbia"},
{"order_id":23,"customer_id":23,"product_id":23,"quantity":5,"unit_price":809.31,"order_date":"4/16/2021","state":"Nebraska","total_price":1316.97,"premium_customer":true,"city":"Omaha"},
{"order_id":24,"customer_id":24,"product_id":24,"quantity":34,"unit_price":921.87,"order_date":"7/22/2021","state":"Tennessee","total_price":9781.42,"premium_customer":false,"city":"Knoxville"},
{"order_id":25,"customer_id":25,"product_id":25,"quantity":37,"unit_price":551.38,"order_date":"8/1/2021","state":"Georgia","total_price":4313.18,"premium_customer":false,"city":"Augusta"},
{"order_id":26,"customer_id":26,"product_id":26,"quantity":13,"unit_price":991.65,"order_date":"7/29/2021","state":"New York","total_price":1176.96,"premium_customer":true,"city":"Mount Vernon"},
{"order_id":27,"customer_id":27,"product_id":27,"quantity":10,"unit_price":64.72,"order_date":"8/18/2021","state":"New York","total_price":6999.93,"premium_customer":true,"city":"Brooklyn"},
{"order_id":28,"customer_id":28,"product_id":28,"quantity":2,"unit_price":598.96,"order_date":"1/3/2021","state":"Virginia","total_price":8820.8,"premium_customer":false,"city":"Arlington"},
{"order_id":29,"customer_id":29,"product_id":29,"quantity":4,"unit_price":705.23,"order_date":"5/27/2021","state":"Minnesota","total_price":3538.04,"premium_customer":false,"city":"Saint Paul"},
{"order_id":30,"customer_id":30,"product_id":30,"quantity":78,"unit_price":457.81,"order_date":"7/8/2021","state":"California","total_price":6225.36,"premium_customer":false,"city":"Fresno"},
{"order_id":31,"customer_id":31,"product_id":31,"quantity":87,"unit_price":986.99,"order_date":"11/19/2021","state":"South Carolina","total_price":3649.02,"premium_customer":true,"city":"Greenville"},
{"order_id":32,"customer_id":32,"product_id":32,"quantity":37,"unit_price":681.83,"order_date":"6/15/2021","state":"Pennsylvania","total_price":6152.45,"premium_customer":true,"city":"Philadelphia"},
{"order_id":33,"customer_id":33,"product_id":33,"quantity":63,"unit_price":757.95,"order_date":"11/9/2021","state":"Alabama","total_price":8563.22,"premium_customer":false,"city":"Huntsville"},
{"order_id":34,"customer_id":34,"product_id":34,"quantity":29,"unit_price":216.59,"order_date":"10/12/2021","state":"Illinois","total_price":3859.37,"premium_customer":true,"city":"Chicago"},
{"order_id":35,"customer_id":35,"product_id":35,"quantity":4,"unit_price":572.07,"order_date":"11/24/2021","state":"Idaho","total_price":9825.17,"premium_customer":false,"city":"Boise"},
{"order_id":36,"customer_id":36,"product_id":36,"quantity":96,"unit_price":450.62,"order_date":"3/15/2021","state":"Nevada","total_price":3124.4,"premium_customer":true,"city":"North Las Vegas"},
{"order_id":37,"customer_id":37,"product_id":37,"quantity":20,"unit_price":807.9,"order_date":"2/15/2021","state":"Arizona","total_price":7626.17,"premium_customer":false,"city":"Prescott"},
{"order_id":38,"customer_id":38,"product_id":38,"quantity":5,"unit_price":314.63,"order_date":"11/10/2021","state":"Florida","total_price":6470.9,"premium_customer":true,"city":"Orlando"},
{"order_id":39,"customer_id":39,"product_id":39,"quantity":73,"unit_price":85.11,"order_date":"7/6/2021","state":"Virginia","total_price":9311.78,"premium_customer":false,"city":"Richmond"},
{"order_id":40,"customer_id":40,"product_id":40,"quantity":63,"unit_price":390.46,"order_date":"10/29/2021","state":"Pennsylvania","total_price":5526.64,"premium_customer":false,"city":"Mc Keesport"},
{"order_id":41,"customer_id":41,"product_id":41,"quantity":96,"unit_price":428.74,"order_date":"9/13/2021","state":"California","total_price":782.08,"premium_customer":true,"city":"Sacramento"},
{"order_id":42,"customer_id":42,"product_id":42,"quantity":58,"unit_price":861.41,"order_date":"8/23/2021","state":"Louisiana","total_price":9195.51,"premium_customer":false,"city":"New Orleans"},
{"order_id":43,"customer_id":43,"product_id":43,"quantity":3,"unit_price":617.8,"order_date":"4/30/2021","state":"South Carolina","total_price":2786.18,"premium_customer":false,"city":"Charleston"},
{"order_id":44,"customer_id":44,"product_id":44,"quantity":11,"unit_price":539.71,"order_date":"10/24/2021","state":"Ohio","total_price":6040.64,"premium_customer":false,"city":"Toledo"},
{"order_id":45,"customer_id":45,"product_id":45,"quantity":73,"unit_price":794.92,"order_date":"4/30/2021","state":"Oklahoma","total_price":4584.56,"premium_customer":false,"city":"Oklahoma City"},
{"order_id":46,"customer_id":46,"product_id":46,"quantity":80,"unit_price":900.3,"order_date":"8/25/2021","state":"Louisiana","total_price":3360.56,"premium_customer":false,"city":"Lake Charles"},
{"order_id":47,"customer_id":47,"product_id":47,"quantity":20,"unit_price":312.63,"order_date":"1/30/2021","state":"Florida","total_price":2723.63,"premium_customer":false,"city":"Orlando"},
{"order_id":48,"customer_id":48,"product_id":48,"quantity":25,"unit_price":143.08,"order_date":"1/11/2021","state":"Minnesota","total_price":7632.41,"premium_customer":true,"city":"Young America"},
{"order_id":49,"customer_id":49,"product_id":49,"quantity":64,"unit_price":300.43,"order_date":"9/17/2021","state":"North Carolina","total_price":6466.26,"premium_customer":true,"city":"Charlotte"},
{"order_id":50,"customer_id":50,"product_id":50,"quantity":8,"unit_price":80.21,"order_date":"10/5/2021","state":"Alabama","total_price":1977.83,"premium_customer":true,"city":"Montgomery"},
{"order_id":51,"customer_id":51,"product_id":51,"quantity":54,"unit_price":831.4,"order_date":"6/23/2021","state":"Alabama","total_price":569.25,"premium_customer":false,"city":"Birmingham"},
{"order_id":52,"customer_id":52,"product_id":52,"quantity":55,"unit_price":275.3,"order_date":"10/12/2021","state":"Wisconsin","total_price":1228.95,"premium_customer":false,"city":"Milwaukee"},
{"order_id":53,"customer_id":53,"product_id":53,"quantity":11,"unit_price":671.16,"order_date":"8/13/2021","state":"Connecticut","total_price":1161.35,"premium_customer":true,"city":"New Haven"},
{"order_id":54,"customer_id":54,"product_id":54,"quantity":18,"unit_price":522.42,"order_date":"1/16/2021","state":"Colorado","total_price":741.56,"premium_customer":true,"city":"Grand Junction"},
{"order_id":55,"customer_id":55,"product_id":55,"quantity":94,"unit_price":793.6,"order_date":"8/28/2021","state":"Texas","total_price":3603.79,"premium_customer":false,"city":"El Paso"},
{"order_id":56,"customer_id":56,"product_id":56,"quantity":83,"unit_price":946.52,"order_date":"7/25/2021","state":"Idaho","total_price":45.43,"premium_customer":true,"city":"Boise"},
{"order_id":57,"customer_id":57,"product_id":57,"quantity":67,"unit_price":844.91,"order_date":"9/20/2021","state":"Texas","total_price":817.8,"premium_customer":false,"city":"Dallas"},
{"order_id":58,"customer_id":58,"product_id":58,"quantity":61,"unit_price":578.69,"order_date":"3/4/2021","state":"Minnesota","total_price":8157.3,"premium_customer":true,"city":"Minneapolis"},
{"order_id":59,"customer_id":59,"product_id":59,"quantity":99,"unit_price":704.61,"order_date":"5/2/2021","state":"Texas","total_price":6370.88,"premium_customer":true,"city":"Beaumont"},
{"order_id":60,"customer_id":60,"product_id":60,"quantity":23,"unit_price":908.04,"order_date":"1/5/2021","state":"Indiana","total_price":9971.1,"premium_customer":false,"city":"Evansville"},
{"order_id":61,"customer_id":61,"product_id":61,"quantity":29,"unit_price":34.61,"order_date":"3/3/2021","state":"North Carolina","total_price":6223.78,"premium_customer":false,"city":"Charlotte"},
{"order_id":62,"customer_id":62,"product_id":62,"quantity":44,"unit_price":795.28,"order_date":"4/12/2021","state":"Ohio","total_price":4081.23,"premium_customer":false,"city":"Cincinnati"},
{"order_id":63,"customer_id":63,"product_id":63,"quantity":89,"unit_price":342.93,"order_date":"5/4/2021","state":"New York","total_price":5444.1,"premium_customer":true,"city":"Albany"},
{"order_id":64,"customer_id":64,"product_id":64,"quantity":57,"unit_price":4.8,"order_date":"2/14/2021","state":"Texas","total_price":1017.56,"premium_customer":true,"city":"Corpus Christi"},
{"order_id":65,"customer_id":65,"product_id":65,"quantity":82,"unit_price":451.55,"order_date":"9/12/2021","state":"Maryland","total_price":9440.21,"premium_customer":true,"city":"Frederick"},
{"order_id":66,"customer_id":66,"product_id":66,"quantity":63,"unit_price":980.5,"order_date":"4/5/2021","state":"Florida","total_price":4023.31,"premium_customer":true,"city":"Seminole"},
{"order_id":67,"customer_id":67,"product_id":67,"quantity":48,"unit_price":771.55,"order_date":"4/25/2021","state":"Illinois","total_price":8438.18,"premium_customer":false,"city":"Chicago"},
{"order_id":68,"customer_id":68,"product_id":68,"quantity":54,"unit_price":273.28,"order_date":"12/28/2021","state":"California","total_price":5747.35,"premium_customer":true,"city":"San Francisco"},
{"order_id":69,"customer_id":69,"product_id":69,"quantity":12,"unit_price":473.77,"order_date":"8/1/2021","state":"California","total_price":8623.95,"premium_customer":true,"city":"Santa Clara"},
{"order_id":70,"customer_id":70,"product_id":70,"quantity":34,"unit_price":12.53,"order_date":"11/18/2021","state":"Pennsylvania","total_price":7131.87,"premium_customer":false,"city":"Harrisburg"},
{"order_id":71,"customer_id":71,"product_id":71,"quantity":83,"unit_price":260.01,"order_date":"7/8/2021","state":"Florida","total_price":6748.05,"premium_customer":false,"city":"Boca Raton"},
{"order_id":72,"customer_id":72,"product_id":72,"quantity":59,"unit_price":232.28,"order_date":"11/28/2021","state":"Virginia","total_price":6570.02,"premium_customer":true,"city":"Arlington"},
{"order_id":73,"customer_id":73,"product_id":73,"quantity":90,"unit_price":409.33,"order_date":"6/25/2021","state":"Mississippi","total_price":3899.95,"premium_customer":false,"city":"Jackson"},
{"order_id":74,"customer_id":74,"product_id":74,"quantity":6,"unit_price":675.02,"order_date":"10/7/2021","state":"California","total_price":9080.25,"premium_customer":false,"city":"Whittier"},
{"order_id":75,"customer_id":75,"product_id":75,"quantity":94,"unit_price":589.66,"order_date":"6/18/2021","state":"Texas","total_price":2970.24,"premium_customer":true,"city":"Fort Worth"},
{"order_id":76,"customer_id":76,"product_id":76,"quantity":25,"unit_price":359.97,"order_date":"11/24/2021","state":"Utah","total_price":7256.19,"premium_customer":false,"city":"Salt Lake City"},
{"order_id":77,"customer_id":77,"product_id":77,"quantity":75,"unit_price":457.72,"order_date":"4/30/2021","state":"Virginia","total_price":2929.54,"premium_customer":true,"city":"Roanoke"},
{"order_id":78,"customer_id":78,"product_id":78,"quantity":18,"unit_price":910.54,"order_date":"3/14/2021","state":"Georgia","total_price":257.38,"premium_customer":true,"city":"Macon"},
{"order_id":79,"customer_id":79,"product_id":79,"quantity":64,"unit_price":105.16,"order_date":"10/2/2021","state":"Kansas","total_price":6852.91,"premium_customer":true,"city":"Kansas City"},
{"order_id":80,"customer_id":80,"product_id":80,"quantity":99,"unit_price":715.67,"order_date":"6/8/2021","state":"Wisconsin","total_price":3443.71,"premium_customer":false,"city":"Madison"},
{"order_id":81,"customer_id":81,"product_id":81,"quantity":94,"unit_price":792.82,"order_date":"11/1/2021","state":"Colorado","total_price":7283.21,"premium_customer":true,"city":"Denver"},
{"order_id":82,"customer_id":82,"product_id":82,"quantity":96,"unit_price":194.32,"order_date":"2/14/2021","state":"Maine","total_price":7196.44,"premium_customer":false,"city":"Portland"},
{"order_id":83,"customer_id":83,"product_id":83,"quantity":13,"unit_price":983.16,"order_date":"8/26/2021","state":"North Carolina","total_price":8578.7,"premium_customer":true,"city":"Charlotte"},
{"order_id":84,"customer_id":84,"product_id":84,"quantity":43,"unit_price":251.24,"order_date":"9/16/2021","state":"Ohio","total_price":7391.84,"premium_customer":false,"city":"Toledo"},
{"order_id":85,"customer_id":85,"product_id":85,"quantity":82,"unit_price":880.23,"order_date":"5/20/2021","state":"New York","total_price":8824.89,"premium_customer":true,"city":"Albany"},
{"order_id":86,"customer_id":86,"product_id":86,"quantity":34,"unit_price":757.56,"order_date":"12/3/2021","state":"New Mexico","total_price":2072.39,"premium_customer":true,"city":"Albuquerque"},
{"order_id":87,"customer_id":87,"product_id":87,"quantity":76,"unit_price":938.54,"order_date":"10/16/2021","state":"Tennessee","total_price":939.54,"premium_customer":true,"city":"Memphis"},
{"order_id":88,"customer_id":88,"product_id":88,"quantity":28,"unit_price":194.49,"order_date":"12/21/2021","state":"Indiana","total_price":2640.17,"premium_customer":false,"city":"Evansville"},
{"order_id":89,"customer_id":89,"product_id":89,"quantity":8,"unit_price":76.47,"order_date":"9/17/2021","state":"Florida","total_price":3117.84,"premium_customer":true,"city":"Tampa"},
{"order_id":90,"customer_id":90,"product_id":90,"quantity":93,"unit_price":246.51,"order_date":"2/1/2021","state":"Florida","total_price":8397.7,"premium_customer":false,"city":"Miami"},
{"order_id":91,"customer_id":91,"product_id":91,"quantity":92,"unit_price":677.86,"order_date":"1/11/2021","state":"California","total_price":7161.25,"premium_customer":false,"city":"Sacramento"},
{"order_id":92,"customer_id":92,"product_id":92,"quantity":44,"unit_price":527.96,"order_date":"2/8/2021","state":"Georgia","total_price":8875.26,"premium_customer":true,"city":"Atlanta"},
{"order_id":93,"customer_id":93,"product_id":93,"quantity":13,"unit_price":923.61,"order_date":"10/26/2021","state":"Washington","total_price":2191.17,"premium_customer":true,"city":"Olympia"},
{"order_id":94,"customer_id":94,"product_id":94,"quantity":12,"unit_price":630.6,"order_date":"12/19/2021","state":"Arizona","total_price":1055.79,"premium_customer":false,"city":"Tucson"},
{"order_id":95,"customer_id":95,"product_id":95,"quantity":68,"unit_price":2.42,"order_date":"4/25/2021","state":"Ohio","total_price":2052.04,"premium_customer":false,"city":"Akron"},
{"order_id":96,"customer_id":96,"product_id":96,"quantity":79,"unit_price":643.9,"order_date":"6/15/2021","state":"Tennessee","total_price":157.81,"premium_customer":false,"city":"Memphis"},
{"order_id":97,"customer_id":97,"product_id":97,"quantity":7,"unit_price":80.57,"order_date":"12/6/2021","state":"Virginia","total_price":4286.14,"premium_customer":true,"city":"Newport News"},
{"order_id":98,"customer_id":98,"product_id":98,"quantity":68,"unit_price":963.48,"order_date":"6/15/2021","state":"Florida","total_price":7465.37,"premium_customer":true,"city":"Lakeland"},
{"order_id":99,"customer_id":99,"product_id":99,"quantity":97,"unit_price":931.39,"order_date":"10/10/2021","state":"California","total_price":3395.12,"premium_customer":false,"city":"San Francisco"},
{"order_id":100,"customer_id":100,"product_id":100,"quantity":76,"unit_price":480.78,"order_date":"7/2/2021","state":"Ohio","total_price":9452.87,"premium_customer":true,"city":"Cincinnati"}]